{
    "head": {
        "formatVersion": "0.9.0",
        "title": "",
        "author": "",
        "versionCode": 9,
        "duration": 15000
    },
    "body": {
        "actions": [],
        "scenes": [
            {
                "type": "CEffectUnitGroup",
                "elements": [
                    {
                        "type": "distortion2",
                        "Intensity": 1.0,
                        "params": [
                            {
                                "pos": 23,
                                "type": 2,
                                "angle": 180,
                                "offsetX": 0.7643678188323975,
                                "offsetY": -0.3448275923728943,
                                "radiusX": 3.8214290142059328,
                                "radiusY": 3.8214290142059328,
                                "scale": 0.10000000149011612,
                                "min": 0.0,
                                "max": 1.0
                            },
                            {
                                "pos": 19,
                                "type": 2,
                                "angle": 225,
                                "offsetX": 0.30000001192092898,
                                "offsetY": 0.07999999821186066,
                                "radiusX": 4.800000190734863,
                                "radiusY": 4.800000190734863,
                                "scale": 0.75,
                                "min": 0.0,
                                "max": 1.0092589855194092
                            },
                            {
                                "pos": 13,
                                "type": 2,
                                "angle": 315,
                                "offsetX": -0.30000001192092898,
                                "offsetY": 0.07999999821186066,
                                "radiusX": 4.800000190734863,
                                "radiusY": 4.800000190734863,
                                "scale": 0.753363311290741,
                                "min": 0.0,
                                "max": 1.0
                            },
                            {
                                "pos": 9,
                                "type": 2,
                                "angle": 0,
                                "offsetX": -0.10999999940395355,
                                "offsetY": -0.25999999046325686,
                                "radiusX": 6.0,
                                "radiusY": 6.0,
                                "scale": 0.08071748912334442,
                                "min": 0.0,
                                "max": 1.0
                            },
                            {
                                "pos": 24,
                                "type": 2,
                                "angle": 180,
                                "offsetX": -0.17000000178813935,
                                "offsetY": -0.25999999046325686,
                                "radiusX": 6.0,
                                "radiusY": 6.0,
                                "scale": 0.07999999821186066,
                                "min": 0.0,
                                "max": 1.0
                            },
                            {
                                "pos": 20,
                                "type": 2,
                                "angle": 225,
                                "offsetX": 0.0,
                                "offsetY": 0.029999999329447748,
                                "radiusX": 7.429999828338623,
                                "radiusY": 7.429999828338623,
                                "scale": 0.6499999761581421,
                                "min": 0.0,
                                "max": 1.0
                            },
                            {
                                "pos": 12,
                                "type": 2,
                                "angle": 315,
                                "offsetX": 0.0,
                                "offsetY": 0.029999999329447748,
                                "radiusX": 7.429999828338623,
                                "radiusY": 7.429999828338623,
                                "scale": 0.6499999761581421,
                                "min": 0.0,
                                "max": 1.0
                            },
                            {
                                "pos": 8,
                                "type": 2,
                                "angle": 0,
                                "offsetX": 0.0,
                                "offsetY": -0.1899999976158142,
                                "radiusX": 4.679999828338623,
                                "radiusY": 4.679999828338623,
                                "scale": 0.5515695214271545,
                                "min": 0.0,
                                "max": 1.0
                            },
                            {
                                "pos": 10,
                                "type": 2,
                                "angle": 0,
                                "offsetX": -0.7599999904632568,
                                "offsetY": -0.3400000035762787,
                                "radiusX": 3.819999933242798,
                                "radiusY": 3.819999933242798,
                                "scale": 0.10000000149011612,
                                "min": 0.0,
                                "max": 1.0
                            },
                            {
                                "pos": 25,
                                "type": 2,
                                "angle": 180,
                                "offsetX": 0.0,
                                "offsetY": -0.1899999976158142,
                                "radiusX": 4.679999828338623,
                                "radiusY": 4.679999828338623,
                                "scale": 0.550000011920929,
                                "min": 0.0,
                                "max": 1.0
                            }
                        ],
                        "renderPhase": "Face Distortion",
                        "triggers": [],
                        "duration": 100000000,
                        "start": 0,
                        "loop": -1,
                        "Description": "slimface"
                    }
                ],
                "rect": [],
                "triggers": [],
                "duration": -1,
                "start": 0,
                "loop": -1,
                "Description": ""
            }
        ],
        "linkSceneMethod": "linkAllScenes",
        "hintInfo": "",
        "hintIcon": ""
    }
}