{
  "type": "stretchFacePoint",
  "data": {
    "width": 720,
    "height": 1280,
    "face": [
      84.36371,474.65393,
      85.15347,509.47269,
      86.45433,544.41046,
      91.01040,579.25757,
      97.50051,614.60742,
      104.78541,649.85297,
      113.38277,684.79236,
      125.05827,718.87811,
      139.63492,752.14368,
      157.98523,784.07312,
      178.54961,813.17047,
      203.14688,840.25415,
      228.52281,866.14966,
      255.14764,890.40009,
      284.64755,910.12537,
      318.70432,923.12903,
      355.66318,926.36835,
      393.66266,922.87225,
      427.59305,909.55029,
      456.82629,889.83789,
      484.22723,866.21271,
      510.61462,839.57556,
      533.68164,813.73285,
      556.44012,784.92993,
      575.40045,753.87708,
      590.13074,721.53448,
      601.88702,686.77301,
      610.82880,651.63635,
      619.38550,616.07654,
      625.84338,582.29968,
      630.29047,546.18353,
      631.79010,511.04694,
      631.24658,475.79773,
      115.80959,416.48926,
      166.87921,382.41553,
      232.17430,395.94601,
      263.11884,408.53970,
      293.39621,422.94983,
      422.71158,423.52563,
      452.37622,409.56097,
      484.23444,398.00970,
      548.98621,384.83069,
      599.78577,419.87402,
      357.96872,495.28455,
      358.32758,547.36633,
      358.14761,599.62769,
      358.37881,652.43591,
      302.29724,690.79321,
      340.85870,694.91467,
      358.84094,701.56702,
      377.16891,694.53845,
      414.96039,690.33130,
      165.93845,487.37329,
      194.76202,470.59491,
      254.79128,479.48315,
      278.05392,507.77881,
      246.56929,514.21631,
      190.32550,506.63257,
      436.12735,507.89960,
      459.15274,481.28400,
      519.21191,472.89264,
      547.90649,488.98358,
      524.11823,506.40863,
      467.37216,514.18726,
      173.31276,415.27631,
      231.75569,429.24484,
      260.87857,438.27542,
      289.20819,447.69537,
      426.22852,448.88458,
      454.48697,439.43936,
      483.36456,430.38739,
      542.49042,417.70474,
      225.16205,469.62189,
      217.32964,514.90704,
      220.31778,490.67969,
      488.50601,472.08054,
      496.37689,514.68848,
      493.41208,490.04303,
      318.26712,503.82666,
      396.69580,504.38583,
      299.09866,621.98053,
      417.69461,621.84601,
      283.01624,661.57776,
      434.71213,662.25037,
      258.50201,765.99316,
      291.85065,747.32971,
      333.30386,737.04944,
      358.51880,743.59766,
      383.81406,737.06921,
      423.87863,747.96460,
      455.95667,766.24030,
      430.95322,802.69708,
      391.59299,829.15704,
      357.86905,834.36652,
      323.99454,830.50073,
      283.50742,802.78619,
      266.64401,766.97052,
      311.22757,763.17072,
      358.84070,766.47455,
      404.09988,763.92651,
      447.73990,767.68127,
      406.23892,783.90808,
      358.11069,792.12030,
      309.20587,784.25623,
      224.77457,489.79706,
      488.72110,489.90063
    ]
  }
}